{"cameraMode":{"drawMode":0,"name":"Shaded","section":"Shading Mode"},"sceneLighting":true,"audioPlay":false,"sceneViewState":{"showFog":true,"showMaterialUpdate":false,"showSkybox":true,"showFlares":true,"showImageEffects":true,"showParticleSystems":true},"in2DMode":false,"pivot":{"x":500.7967834472656,"y":-244.90621948242188,"z":2043.33740234375},"rotation":{"x":0.13381639122962953,"y":0.772426962852478,"z":-0.17338690161705018,"w":0.5961507558822632},"size":30740.728515625,"orthographic":false}