{"cameraMode":{"drawMode":0,"name":"Shaded","section":"Shading Mode"},"sceneLighting":true,"audioPlay":false,"sceneViewState":{"showFog":true,"showMaterialUpdate":false,"showSkybox":true,"showFlares":true,"showImageEffects":false,"showParticleSystems":true},"in2DMode":false,"pivot":{"x":-2993.473876953125,"y":-1110.7901611328125,"z":312.4165954589844},"rotation":{"x":0.13558539748191834,"y":-0.6498780846595764,"z":0.11963780969381333,"w":0.7383227348327637},"size":3273.49755859375,"orthographic":false}